Text,Date,Time,Draft,Facebook,Twitter/X,LinkedIn,GBP,Instagram,Pinterest,TikTok,YouTube,Threads,Bluesky,Picture Url 1,Alt text picture 1,Brand name (Optional)
"marcus aurelius wrote that in the second century. it lands harder now. we live in an era designed to make you feel like your power lives somewhere outside you. in the algorithm. in someone else's opinion. in the thing that hasn't happened yet. it doesn't. your mind is the only territory that's actually yours. build there first. ♡ - MK
📖 If this landed — The Reinvention Workbook is the guided version. Read more at mkparrish.com/shelf
#stoicwisdom #marcusaurelius #innerpower #philosophyoflife #mkparrish",23/06/2026,09:00,FALSE,FALSE,FALSE,FALSE,FALSE,TRUE,FALSE,FALSE,FALSE,FALSE,FALSE,https://raw.githubusercontent.com/empathicmk-svg/mkparrish-site/main/output/instagram-editorial/philosophy/post-01-the-only-room.png,you have power over your mind not outside events — marcus aurelius,
"nobody tells you the worst part isn't the yelling. it's the silence after. the apology that isn't one. the way you start editing yourself before you even open your mouth. you don't lose yourself all at once. you lose yourself in the rooms where you stopped speaking. if this is you, you are not crazy. you are not too sensitive. you are surviving something that doesn't always leave a mark. ♡ - MK
🤍 For the rebuild: The Reinvention Workbook — a guided companion for becoming new. mkparrish.com/shelf
#domesticviolenceawareness #emotionalabuse #narcissisticabuse #survivor #therewrite #mkparrish",23/06/2026,13:00,FALSE,FALSE,FALSE,FALSE,FALSE,TRUE,FALSE,FALSE,FALSE,FALSE,FALSE,https://raw.githubusercontent.com/empathicmk-svg/mkparrish-site/main/output/instagram-editorial/fifty/post-01-the-quiet-ones.png,the bruises everyone asks about are never the ones that broke you,
"biggie said this decades ago and it is still the best business advice i've ever heard. stop taking the safe bid. stop playing it small. move with your whole chest or don't move at all. ♡ - MK
🔥 Move with your whole chest. Write Yourself Into the Room → mkparrish.com/shelf
#biggiesmalls #notorious #boldmoves #hiphopwisdom #mkparrish",23/06/2026,18:00,FALSE,FALSE,FALSE,FALSE,FALSE,TRUE,FALSE,FALSE,FALSE,FALSE,FALSE,https://raw.githubusercontent.com/empathicmk-svg/mkparrish-site/main/output/instagram-editorial/bold/post-01-stay-far-from-timid.png,stay far from timid only make moves when your heart's in it — the notorious b.i.g.,
"biggie said this decades ago and it is still the best business advice i've ever heard. stop taking the safe bid. stop playing it small. move with your whole chest or don't move at all. ♡ - MK
🔥 The full library lives at mkparrish.com/shelf — start with Write Yourself Into the Room
#biggiesmalls #notorious #boldmoves #hiphopwisdom #mkparrish",24/06/2026,09:00,FALSE,FALSE,FALSE,FALSE,FALSE,FALSE,FALSE,TRUE,FALSE,FALSE,FALSE,https://raw.githubusercontent.com/empathicmk-svg/mkparrish-site/main/output/tiktok/post-01-bold-stay-far-from-timid.mp4,stay far from timid only make moves when your heart's in it — the notorious b.i.g.,
"the most luxurious thing you own isn't visible. it's the quiet certainty you carry when everything else collapses. resilience doesn't announce itself. it shows up as the morning you decide again. the day you keep building when there's no applause. i've been in the winter. the summer is still there. it always was. ♡ - MK
✍️ Build a voice that says it like this → Write Yourself Into the Room at mkparrish.com/shelf
#albertcamus #resilience #innerstrength #philosophyoflife #mkparrish",24/06/2026,13:00,FALSE,FALSE,FALSE,FALSE,FALSE,TRUE,FALSE,FALSE,FALSE,FALSE,FALSE,https://raw.githubusercontent.com/empathicmk-svg/mkparrish-site/main/output/instagram-editorial/philosophy/post-02-the-invincible-summer.png,in the midst of winter i found there was within me an invincible summer — albert camus,
"they spend months convincing you you're crazy in private. then perform sanity for an officer in five minutes flat. you stand on your own front porch explaining yourself for a script you didn't write. reactive abuse is real. DARVO is real. the woman shaking on the curb is not the aggressor. she's the witness he's trying to discredit. ♡ - MK
📚 Every guide in one place — The Vault (complete library) at mkparrish.com/shelf
#DARVO #reactiveabuse #domesticviolence #believewomen #therewrite",24/06/2026,18:00,FALSE,FALSE,FALSE,FALSE,FALSE,TRUE,FALSE,FALSE,FALSE,FALSE,FALSE,https://raw.githubusercontent.com/empathicmk-svg/mkparrish-site/main/output/instagram-editorial/fifty/post-02-darvo.png,he hit me then called the police on me for reacting,
"the information has always been available. the difference between where you are and where you want to be is almost always what you decided to do with what you already knew. ♡ - MK
🎤 Build a brand voice nobody can copy — The Brand Voice Playbook at mkparrish.com/shelf
#biggiesmalls #hiphopwisdom #knowledgeispower #boldquotes #mkparrish",25/06/2026,09:00,FALSE,FALSE,FALSE,FALSE,FALSE,TRUE,FALSE,FALSE,FALSE,FALSE,FALSE,https://raw.githubusercontent.com/empathicmk-svg/mkparrish-site/main/output/instagram-editorial/bold/post-02-now-you-know.png,if you don't know now you know — the notorious b.i.g.,
"the information has always been available. the difference between where you are and where you want to be is almost always what you decided to do with what you already knew. ♡ - MK
📚 More where this came from → The Vault at mkparrish.com/shelf
#biggiesmalls #hiphopwisdom #knowledgeispower #boldquotes #mkparrish",25/06/2026,13:00,FALSE,FALSE,FALSE,FALSE,FALSE,FALSE,FALSE,TRUE,FALSE,FALSE,FALSE,https://raw.githubusercontent.com/empathicmk-svg/mkparrish-site/main/output/tiktok/post-02-bold-now-you-know.mp4,if you don't know now you know — the notorious b.i.g.,
"nobody builds a luxury life on a single decision. they build it on a thousand small ones that nobody saw. the early morning. the draft nobody liked. the pitch after the no. the standard held when no one was watching. excellence is boring up close. that's the point. ♡ - MK
📖 If this landed — The Reinvention Workbook is the guided version. Read more at mkparrish.com/shelf
#aristotle #excellence #discipline #philosophyoflife #mkparrish",25/06/2026,18:00,FALSE,FALSE,FALSE,FALSE,FALSE,TRUE,FALSE,FALSE,FALSE,FALSE,FALSE,https://raw.githubusercontent.com/empathicmk-svg/mkparrish-site/main/output/instagram-editorial/philosophy/post-03-not-an-act-a-habit.png,we are what we repeatedly do excellence is not an act it is a habit — aristotle,
"nobody warns you that abuse can be quiet. that it can wear a wedding ring. that it can say good morning and ruin your nervous system by noon. the version of you that used to laugh, gone. the friends you stopped calling. the way you started apologizing for taking up space in your own life. that's not a bad relationship. that's a slow erasure. ♡ - MK
🤍 For the rebuild: The Reinvention Workbook — a guided companion for becoming new. mkparrish.com/shelf
#coercivecontrol #emotionalabuse #gaslighting #domesticviolenceawareness #therewrite",26/06/2026,09:00,FALSE,FALSE,FALSE,FALSE,FALSE,TRUE,FALSE,FALSE,FALSE,FALSE,FALSE,https://raw.githubusercontent.com/empathicmk-svg/mkparrish-site/main/output/instagram-editorial/fifty/post-03-the-erosion.png,it wasn't one bad day it was a thousand small surrenders,
"reframe the whole thing. you cannot lose if you decide that loss is still data. hov has been saying this for thirty years. some of us are just now hearing it. ♡ - MK
🔥 Move with your whole chest. Write Yourself Into the Room → mkparrish.com/shelf
#jayz #hiphopwisdom #neverlose #successmindset #mkparrish",26/06/2026,13:00,FALSE,FALSE,FALSE,FALSE,FALSE,TRUE,FALSE,FALSE,FALSE,FALSE,FALSE,https://raw.githubusercontent.com/empathicmk-svg/mkparrish-site/main/output/instagram-editorial/bold/post-03-i-will-not-lose.png,i will not lose for even in defeat there is a valuable lesson learned — jay-z,
"reframe the whole thing. you cannot lose if you decide that loss is still data. hov has been saying this for thirty years. some of us are just now hearing it. ♡ - MK
🔥 The full library lives at mkparrish.com/shelf — start with Write Yourself Into the Room
#jayz #hiphopwisdom #neverlose #successmindset #mkparrish",26/06/2026,18:00,FALSE,FALSE,FALSE,FALSE,FALSE,FALSE,FALSE,TRUE,FALSE,FALSE,FALSE,https://raw.githubusercontent.com/empathicmk-svg/mkparrish-site/main/output/tiktok/post-03-bold-i-will-not-lose.mp4,i will not lose for even in defeat there is a valuable lesson learned — jay-z,
"she wasn't talking about gender alone. she was talking about the daily relentless act of constructing yourself. you are not who you were handed. you are who you keep choosing. the woman you are becoming is made of every small refusal to stay what was convenient. ♡ - MK
✍️ Build a voice that says it like this → Write Yourself Into the Room at mkparrish.com/shelf
#simonedebeauvoir #becomingher #reinvention #philosophyoflife #mkparrish",27/06/2026,09:00,FALSE,FALSE,FALSE,FALSE,FALSE,TRUE,FALSE,FALSE,FALSE,FALSE,FALSE,https://raw.githubusercontent.com/empathicmk-svg/mkparrish-site/main/output/instagram-editorial/philosophy/post-04-become.png,one is not born a woman one becomes one — simone de beauvoir,
"your shoulders never dropped around him. your stomach knew before your mind did. you were not paranoid. you were not insecure. you were a woman whose body was begging her to leave a man her heart kept defending. trust the tightness in your chest. it has always been smarter than the story you were telling yourself. ♡ - MK
📚 Every guide in one place — The Vault (complete library) at mkparrish.com/shelf
#trustyourgut #traumaresponse #leavingabuse #survivor #therewrite",27/06/2026,13:00,FALSE,FALSE,FALSE,FALSE,FALSE,TRUE,FALSE,FALSE,FALSE,FALSE,FALSE,https://raw.githubusercontent.com/empathicmk-svg/mkparrish-site/main/output/instagram-editorial/fifty/post-04-what-you-called-love.png,what you called love my body called a warning,
"the comparison is the theft. nobody has your exact combination of experience, damage, and direction. that's not a limitation. that's the whole leverage. ♡ - MK
🎤 Build a brand voice nobody can copy — The Brand Voice Playbook at mkparrish.com/shelf
#jayz #nobodybuiltlikeyou #hiphopwisdom #selfdesign #mkparrish",27/06/2026,18:00,FALSE,FALSE,FALSE,FALSE,FALSE,TRUE,FALSE,FALSE,FALSE,FALSE,FALSE,https://raw.githubusercontent.com/empathicmk-svg/mkparrish-site/main/output/instagram-editorial/bold/post-04-nobody-built-like-you.png,remind yourself nobody built like you you design yourself — jay-z,
"the comparison is the theft. nobody has your exact combination of experience, damage, and direction. that's not a limitation. that's the whole leverage. ♡ - MK
📚 More where this came from → The Vault at mkparrish.com/shelf
#jayz #nobodybuiltlikeyou #hiphopwisdom #selfdesign #mkparrish",28/06/2026,09:00,FALSE,FALSE,FALSE,FALSE,FALSE,FALSE,FALSE,TRUE,FALSE,FALSE,FALSE,https://raw.githubusercontent.com/empathicmk-svg/mkparrish-site/main/output/tiktok/post-04-bold-nobody-built-like-you.mp4,remind yourself nobody built like you you design yourself — jay-z,
"not rhetorically. she meant it as a diagnostic. most people are operating on default settings — the career that made sense at 22, the version of themselves that formed under pressure. intention is the rarest luxury. most people never ask the question. ♡ - MK
📖 If this landed — The Reinvention Workbook is the guided version. Read more at mkparrish.com/shelf
#maryoliver #intentionalliving #wildandprecious #philosophyoflife #mkparrish",28/06/2026,13:00,FALSE,FALSE,FALSE,FALSE,FALSE,TRUE,FALSE,FALSE,FALSE,FALSE,FALSE,https://raw.githubusercontent.com/empathicmk-svg/mkparrish-site/main/output/instagram-editorial/philosophy/post-05-wild-and-precious.png,tell me what is it you plan to do with your one wild and precious life — mary oliver,
"the women suffering the loudest are often the quietest at brunch. she's funny. she's put together. she's the one who texts back. and she's been crying in her car for eight months and you have no idea. check on the friend who went quiet. believe her the first time. don't ask why she stayed, ask why he hurt her. ♡ - MK
🤍 For the rebuild: The Reinvention Workbook — a guided companion for becoming new. mkparrish.com/shelf
#sufferinginsilence #checkonyourstrongfriend #domesticviolenceawareness #therewrite",28/06/2026,18:00,FALSE,FALSE,FALSE,FALSE,FALSE,TRUE,FALSE,FALSE,FALSE,FALSE,FALSE,https://raw.githubusercontent.com/empathicmk-svg/mkparrish-site/main/output/instagram-editorial/fifty/post-05-suffering-in-silence.png,she was screaming nobody heard because she did it with her mouth closed,
"flip the script on what you've been taught is logical. the dream isn't the escape. it's the blueprint. reality is just the version of things that hasn't been built yet. ♡ - MK
🔥 Move with your whole chest. Write Yourself Into the Room → mkparrish.com/shelf
#tupacshakur #dreambig #hiphopphilosophy #buildyourlife #mkparrish",29/06/2026,09:00,FALSE,FALSE,FALSE,FALSE,FALSE,TRUE,FALSE,FALSE,FALSE,FALSE,FALSE,https://raw.githubusercontent.com/empathicmk-svg/mkparrish-site/main/output/instagram-editorial/bold/post-05-dreams-are-for-real.png,reality is wrong dreams are for real — tupac shakur,
"flip the script on what you've been taught is logical. the dream isn't the escape. it's the blueprint. reality is just the version of things that hasn't been built yet. ♡ - MK
🔥 The full library lives at mkparrish.com/shelf — start with Write Yourself Into the Room
#tupacshakur #dreambig #hiphopphilosophy #buildyourlife #mkparrish",29/06/2026,13:00,FALSE,FALSE,FALSE,FALSE,FALSE,FALSE,FALSE,TRUE,FALSE,FALSE,FALSE,https://raw.githubusercontent.com/empathicmk-svg/mkparrish-site/main/output/tiktok/post-05-bold-dreams-are-for-real.mp4,reality is wrong dreams are for real — tupac shakur,
"we confuse visibility for power. they are not the same. real power doesn't hoard. it multiplies. the women who changed the rooms i entered weren't the loudest ones. they were the ones who handed the pen to the next person quietly. that is the whole job. ♡ - MK
✍️ Build a voice that says it like this → Write Yourself Into the Room at mkparrish.com/shelf
#tonimorrison #realpower #legacy #philosophyoflife #mkparrish",29/06/2026,18:00,FALSE,FALSE,FALSE,FALSE,FALSE,TRUE,FALSE,FALSE,FALSE,FALSE,FALSE,https://raw.githubusercontent.com/empathicmk-svg/mkparrish-site/main/output/instagram-editorial/philosophy/post-06-the-transfer.png,if you have some power your job is to empower somebody else — toni morrison,
"nobody hands you a leaflet that says abusers can be charming. they can be funny. they can cry. they can make your mother love them. they can hold your hand at a funeral and break your spirit by tuesday. the cognitive dissonance is the cage. the man who hurt you and the man you fell for live in the same body. leaving him means grieving both. ♡ - MK
📚 Every guide in one place — The Vault (complete library) at mkparrish.com/shelf
#narcissisticabuse #cognitivedissonance #leavingabuse #therewrite",30/06/2026,09:00,FALSE,FALSE,FALSE,FALSE,FALSE,TRUE,FALSE,FALSE,FALSE,FALSE,FALSE,https://raw.githubusercontent.com/empathicmk-svg/mkparrish-site/main/output/instagram-editorial/fifty/post-06-the-lie-of-the-good-ones.png,he wasn't a monster that was the problem monsters are easier to leave,
"it's not a competition. it's a calibration. the life you're building is too intentional to be diluted by people who don't understand the direction. ♡ - MK
🎤 Build a brand voice nobody can copy — The Brand Voice Playbook at mkparrish.com/shelf
#tupacshakur #realones #hiphopwisdom #authenticlife #mkparrish",30/06/2026,13:00,FALSE,FALSE,FALSE,FALSE,FALSE,TRUE,FALSE,FALSE,FALSE,FALSE,FALSE,https://raw.githubusercontent.com/empathicmk-svg/mkparrish-site/main/output/instagram-editorial/bold/post-06-the-realest.png,the realest people don't have a lot of friends — tupac shakur,
"it's not a competition. it's a calibration. the life you're building is too intentional to be diluted by people who don't understand the direction. ♡ - MK
📚 More where this came from → The Vault at mkparrish.com/shelf
#tupacshakur #realones #hiphopwisdom #authenticlife #mkparrish",30/06/2026,18:00,FALSE,FALSE,FALSE,FALSE,FALSE,FALSE,FALSE,TRUE,FALSE,FALSE,FALSE,https://raw.githubusercontent.com/empathicmk-svg/mkparrish-site/main/output/tiktok/post-06-bold-the-realest.mp4,the realest people don't have a lot of friends — tupac shakur,
"the approval you are chasing has a price tag you haven't read yet. the version of you that finally gets the validation, the room, the number — she still has to come home to herself. start there. build the interior first. what you find will be harder to take from you. ♡ - MK
📖 If this landed — The Reinvention Workbook is the guided version. Read more at mkparrish.com/shelf
#epictetus #stoicphilosophy #internalvalidation #philosophyoflife #mkparrish",01/07/2026,09:00,FALSE,FALSE,FALSE,FALSE,FALSE,TRUE,FALSE,FALSE,FALSE,FALSE,FALSE,https://raw.githubusercontent.com/empathicmk-svg/mkparrish-site/main/output/instagram-editorial/philosophy/post-07-the-source.png,seek not the good in external things seek it in yourself — epictetus,
"for a long time i lived inside his version of me. crazy. dramatic. too much. not enough. every word he handed me, i wore. then one day i realized the story was still being written. and the pen was never his to hold. you don't have to defend yourself to the people who profited from your silence. you just have to start writing the next page. rebrand your life. rewrite your story. ♡ - MK
🤍 For the rebuild: The Reinvention Workbook — a guided companion for becoming new. mkparrish.com/shelf
#rewriteyourstory #rebrandyourlife #survivor #therewrite #mkparrish",01/07/2026,13:00,FALSE,FALSE,FALSE,FALSE,FALSE,TRUE,FALSE,FALSE,FALSE,FALSE,FALSE,https://raw.githubusercontent.com/empathicmk-svg/mkparrish-site/main/output/instagram-editorial/fifty/post-07-the-rewrite.png,he wrote me as the villain so i picked up the pen,
"not vacation. not the trip. the life. oprah built hers in rooms where people told her no. the adventure isn't waiting for permission. it starts when you stop asking for it. ♡ - MK
🔥 Move with your whole chest. Write Yourself Into the Room → mkparrish.com/shelf
#oprahwinfrey #liveyourdreams #biggestadventure #boldlife #mkparrish",01/07/2026,18:00,FALSE,FALSE,FALSE,FALSE,FALSE,TRUE,FALSE,FALSE,FALSE,FALSE,FALSE,https://raw.githubusercontent.com/empathicmk-svg/mkparrish-site/main/output/instagram-editorial/bold/post-07-your-biggest-adventure.png,the biggest adventure you can take is to live the life of your dreams — oprah winfrey,
"not vacation. not the trip. the life. oprah built hers in rooms where people told her no. the adventure isn't waiting for permission. it starts when you stop asking for it. ♡ - MK
🔥 The full library lives at mkparrish.com/shelf — start with Write Yourself Into the Room
#oprahwinfrey #liveyourdreams #biggestadventure #boldlife #mkparrish",02/07/2026,09:00,FALSE,FALSE,FALSE,FALSE,FALSE,FALSE,FALSE,TRUE,FALSE,FALSE,FALSE,https://raw.githubusercontent.com/empathicmk-svg/mkparrish-site/main/output/tiktok/post-07-bold-your-biggest-adventure.mp4,the biggest adventure you can take is to live the life of your dreams — oprah winfrey,
"you are not the destination. you are the direction. nietzsche wasn't talking about transit — he was talking about the courage of becoming. not arrived. not finished. not yet recognizable to who you were. five slides on what it means to stay in motion on purpose. ♡ - MK
✍️ Build a voice that says it like this → Write Yourself Into the Room at mkparrish.com/shelf
#nietzsche #philosophyoflife #becomingher #growth #mkparrish",02/07/2026,13:00,FALSE,FALSE,FALSE,FALSE,FALSE,TRUE,FALSE,FALSE,FALSE,FALSE,FALSE,https://raw.githubusercontent.com/empathicmk-svg/mkparrish-site/main/output/instagram-editorial/philosophy/post-08-a-bridge-not-an-end.png,what is great in a person is that they are a bridge and not an end — nietzsche,
"people will ask why you stayed. fewer will ask what it cost you to leave. you didn't leave because you got strong. you left because there was nothing left of you to bargain with. surviving is not a feeling. it's a decision you make in a kitchen at 2am with shaking hands. and it counts. all of it counts. ♡ - MK
📚 Every guide in one place — The Vault (complete library) at mkparrish.com/shelf
#leavingabuse #survivorstories #domesticviolenceawareness #therewrite",02/07/2026,18:00,FALSE,FALSE,FALSE,FALSE,FALSE,TRUE,FALSE,FALSE,FALSE,FALSE,FALSE,https://raw.githubusercontent.com/empathicmk-svg/mkparrish-site/main/output/instagram-editorial/fifty/post-08-the-night-you-left.png,the night i left wasn't brave it was the night i ran out of versions of myself to give him,
"four words. the most useful mantra i know. not 'it'll be easy.' not 'it'll be worth it.' just: we can. that's enough. ♡ - MK
🎤 Build a brand voice nobody can copy — The Brand Voice Playbook at mkparrish.com/shelf
#glennondoyle #wecandohardthings #untamed #boldwomen #mkparrish",03/07/2026,09:00,FALSE,FALSE,FALSE,FALSE,FALSE,TRUE,FALSE,FALSE,FALSE,FALSE,FALSE,https://raw.githubusercontent.com/empathicmk-svg/mkparrish-site/main/output/instagram-editorial/bold/post-08-we-can-do-hard-things.png,we can do hard things — glennon doyle,
"four words. the most useful mantra i know. not 'it'll be easy.' not 'it'll be worth it.' just: we can. that's enough. ♡ - MK
📚 More where this came from → The Vault at mkparrish.com/shelf
#glennondoyle #wecandohardthings #untamed #boldwomen #mkparrish",03/07/2026,13:00,FALSE,FALSE,FALSE,FALSE,FALSE,FALSE,FALSE,TRUE,FALSE,FALSE,FALSE,https://raw.githubusercontent.com/empathicmk-svg/mkparrish-site/main/output/tiktok/post-08-bold-we-can-do-hard-things.mp4,we can do hard things — glennon doyle,
"your story isn't the wound. your story is what grew through the wound. the parts of you that were broken open became the parts of you that could let something real in. this is not a silver lining. it is a structural truth. ♡ - MK
📖 If this landed — The Reinvention Workbook is the guided version. Read more at mkparrish.com/shelf
#rumi #thelight #healing #philosophyoflife #therewrite #mkparrish",03/07/2026,18:00,FALSE,FALSE,FALSE,FALSE,FALSE,TRUE,FALSE,FALSE,FALSE,FALSE,FALSE,https://raw.githubusercontent.com/empathicmk-svg/mkparrish-site/main/output/instagram-editorial/philosophy/post-09-the-light-comes-in.png,the wound is the place where the light enters you — rumi,
"crazy. dramatic. unstable. too emotional. too much. not enough. those weren't descriptions of you. those were rehearsals of him. you can put down every word he handed you. they were never yours to carry. the woman he tried to convince you you were is not the woman who survived him. ♡ - MK
🤍 For the rebuild: The Reinvention Workbook — a guided companion for becoming new. mkparrish.com/shelf
#gaslighting #projection #narcissisticabuse #therewrite",04/07/2026,09:00,FALSE,FALSE,FALSE,FALSE,FALSE,TRUE,FALSE,FALSE,FALSE,FALSE,FALSE,https://raw.githubusercontent.com/empathicmk-svg/mkparrish-site/main/output/instagram-editorial/fifty/post-09-the-words-he-gave-you.png,every cruel name he called you was a confession dressed up as an accusation,
"she won four oscars and lived by this. katharine hepburn did not ask permission. she asked forgiveness — and sometimes not even that. ♡ - MK
🔥 Move with your whole chest. Write Yourself Into the Room → mkparrish.com/shelf
#katharinehepburn #oldhollywood #breakrules #boldliving #mkparrish",04/07/2026,13:00,FALSE,FALSE,FALSE,FALSE,FALSE,TRUE,FALSE,FALSE,FALSE,FALSE,FALSE,https://raw.githubusercontent.com/empathicmk-svg/mkparrish-site/main/output/instagram-editorial/bold/post-09-all-the-fun.png,if you obey all the rules you miss all the fun — katharine hepburn,
"she won four oscars and lived by this. katharine hepburn did not ask permission. she asked forgiveness — and sometimes not even that. ♡ - MK
🔥 The full library lives at mkparrish.com/shelf — start with Write Yourself Into the Room
#katharinehepburn #oldhollywood #breakrules #boldliving #mkparrish",04/07/2026,18:00,FALSE,FALSE,FALSE,FALSE,FALSE,FALSE,FALSE,TRUE,FALSE,FALSE,FALSE,https://raw.githubusercontent.com/empathicmk-svg/mkparrish-site/main/output/tiktok/post-09-bold-all-the-fun.mp4,if you obey all the rules you miss all the fun — katharine hepburn,
"the obstacle isn't the detour. it is the path. i have built more leverage from the things that didn't work than the things that did. every no was a redirect. every wall was a map. this is not optimism. this is stoic engineering. ♡ - MK
✍️ Build a voice that says it like this → Write Yourself Into the Room at mkparrish.com/shelf
#marcusaurelius #stoicwisdom #obstacles #philosophyoflife #mkparrish",05/07/2026,09:00,FALSE,FALSE,FALSE,FALSE,FALSE,TRUE,FALSE,FALSE,FALSE,FALSE,FALSE,https://raw.githubusercontent.com/empathicmk-svg/mkparrish-site/main/output/instagram-editorial/philosophy/post-10-the-way-through.png,the impediment to action advances action what stands in the way becomes the way — marcus aurelius,
"nobody tells you healing is small. it's the night you sleep through. the text you don't answer. the apology you stop waiting for. the meal you eat without explaining yourself. it's not pretty. it's not linear. it's not content. it's a woman, alone in her own kitchen, slowly remembering she is allowed to take up the whole room. ♡ - MK
📚 Every guide in one place — The Vault (complete library) at mkparrish.com/shelf
#healingjourney #aftertheabuse #survivor #therewrite #rewriteyourstory",05/07/2026,13:00,FALSE,FALSE,FALSE,FALSE,FALSE,TRUE,FALSE,FALSE,FALSE,FALSE,FALSE,https://raw.githubusercontent.com/empathicmk-svg/mkparrish-site/main/output/instagram-editorial/fifty/post-10-what-healing-looks-like.png,healing is not a glow-up it's flinching less when someone raises their voice,
"she knew what most people spend a lifetime unlearning. the quirk is the asset. the thing you've been trying to sand down is the very thing that makes you impossible to ignore. ♡ - MK
🎤 Build a brand voice nobody can copy — The Brand Voice Playbook at mkparrish.com/shelf
#marilynmonroe #imperfection #beautyquotes #vintageglamour #mkparrish",05/07/2026,18:00,FALSE,FALSE,FALSE,FALSE,FALSE,TRUE,FALSE,FALSE,FALSE,FALSE,FALSE,https://raw.githubusercontent.com/empathicmk-svg/mkparrish-site/main/output/instagram-editorial/bold/post-10-absolutely-ridiculous.png,imperfection is beauty madness is genius it's better to be absolutely ridiculous than absolutely boring — marilyn monroe,
"she knew what most people spend a lifetime unlearning. the quirk is the asset. the thing you've been trying to sand down is the very thing that makes you impossible to ignore. ♡ - MK
📚 More where this came from → The Vault at mkparrish.com/shelf
#marilynmonroe #imperfection #beautyquotes #vintageglamour #mkparrish",06/07/2026,09:00,FALSE,FALSE,FALSE,FALSE,FALSE,FALSE,FALSE,TRUE,FALSE,FALSE,FALSE,https://raw.githubusercontent.com/empathicmk-svg/mkparrish-site/main/output/tiktok/post-10-script-absolutely-ridiculous.mp4,imperfection is beauty madness is genius it's better to be absolutely ridiculous than absolutely boring — marilyn monroe,
"most people skip this step. they want the transformation without the diagnosis. they want the rewrite without reading what was written. clarity is not comfortable. it is prerequisite. ♡ - MK
📖 If this landed — The Reinvention Workbook is the guided version. Read more at mkparrish.com/shelf
#jamesbaldwin #clarity #truth #philosophyoflife #mkparrish",06/07/2026,13:00,FALSE,FALSE,FALSE,FALSE,FALSE,TRUE,FALSE,FALSE,FALSE,FALSE,FALSE,https://raw.githubusercontent.com/empathicmk-svg/mkparrish-site/main/output/instagram-editorial/philosophy/post-11-face-it-first.png,not everything that is faced can be changed but nothing can be changed until it is faced — james baldwin,
"gaslighting doesn't start with a lie. it starts with a small correction. that's not what i said. you're remembering it wrong. you're being dramatic. by the time you notice, you've stopped trusting your own memory. you've outsourced your reality to the person breaking you. take it back. one true sentence at a time. ♡ - MK
🤍 For the rebuild: The Reinvention Workbook — a guided companion for becoming new. mkparrish.com/shelf
#gaslighting #emotionalabuse #narcissisticabuse #therewrite #believeyourself",06/07/2026,18:00,FALSE,FALSE,FALSE,FALSE,FALSE,TRUE,FALSE,FALSE,FALSE,FALSE,FALSE,https://raw.githubusercontent.com/empathicmk-svg/mkparrish-site/main/output/instagram-editorial/fifty/post-11-the-memory-test.png,first he rewrote the fight then he rewrote you,
"i've been that girl. wearing the smile like armor while quietly rebuilding behind it. nobody talks about how much strength that takes. ♡ - MK
🔥 Move with your whole chest. Write Yourself Into the Room → mkparrish.com/shelf
#marilynmonroe #strongwomen #resilience #vintagewisdom #mkparrish",07/07/2026,09:00,FALSE,FALSE,FALSE,FALSE,FALSE,TRUE,FALSE,FALSE,FALSE,FALSE,FALSE,https://raw.githubusercontent.com/empathicmk-svg/mkparrish-site/main/output/instagram-editorial/bold/post-11-she-smiled-through-it.png,she was a girl who knew how to be happy even when she was sad — marilyn monroe,
"i've been that girl. wearing the smile like armor while quietly rebuilding behind it. nobody talks about how much strength that takes. ♡ - MK
🔥 The full library lives at mkparrish.com/shelf — start with Write Yourself Into the Room
#marilynmonroe #strongwomen #resilience #vintagewisdom #mkparrish",07/07/2026,13:00,FALSE,FALSE,FALSE,FALSE,FALSE,FALSE,FALSE,TRUE,FALSE,FALSE,FALSE,https://raw.githubusercontent.com/empathicmk-svg/mkparrish-site/main/output/tiktok/post-11-script-she-smiled-through-it.mp4,she was a girl who knew how to be happy even when she was sad — marilyn monroe,
"five slides on the difference. not in the motivational sense — in the structural one. living requires choices. living requires preferences. living requires knowing what you actually want versus what you were handed and kept. most people are running on inherited operating systems. ♡ - MK
✍️ Build a voice that says it like this → Write Yourself Into the Room at mkparrish.com/shelf
#oscarwilde #livingfully #intentionalliving #philosophyoflife #mkparrish",07/07/2026,18:00,FALSE,FALSE,FALSE,FALSE,FALSE,TRUE,FALSE,FALSE,FALSE,FALSE,FALSE,https://raw.githubusercontent.com/empathicmk-svg/mkparrish-site/main/output/instagram-editorial/philosophy/post-12-exist-or-live.png,to live is the rarest thing in the world most people exist that is all — oscar wilde,
"coercive control looks like permission for a haircut. like a budget you don't see. like a phone he checks in his sleep. like friends he pruned for you. like a god he made of himself in your living room. it is abuse. it is illegal in some places and should be in all of them. and you are not exaggerating. ♡ - MK
📚 Every guide in one place — The Vault (complete library) at mkparrish.com/shelf
#coercivecontrol #emotionalabuse #financialabuse #domesticviolence #therewrite",08/07/2026,09:00,FALSE,FALSE,FALSE,FALSE,FALSE,TRUE,FALSE,FALSE,FALSE,FALSE,FALSE,https://raw.githubusercontent.com/empathicmk-svg/mkparrish-site/main/output/instagram-editorial/fifty/post-12-coercive-control-101.png,he never hit me he just made sure i couldn't breathe,
"audrey wasn't being cute. she was being precise. the story you're telling yourself about what you can't do — read it again. slowly. ♡ - MK
🎤 Build a brand voice nobody can copy — The Brand Voice Playbook at mkparrish.com/shelf
#audreyhepburn #impossible #quotestoliveby #classicelegance #mkparrish",08/07/2026,13:00,FALSE,FALSE,FALSE,FALSE,FALSE,TRUE,FALSE,FALSE,FALSE,FALSE,FALSE,https://raw.githubusercontent.com/empathicmk-svg/mkparrish-site/main/output/instagram-editorial/bold/post-12-i-m-possible.png,nothing is impossible the word itself says i'm possible — audrey hepburn,
"audrey wasn't being cute. she was being precise. the story you're telling yourself about what you can't do — read it again. slowly. ♡ - MK
📚 More where this came from → The Vault at mkparrish.com/shelf
#audreyhepburn #impossible #quotestoliveby #classicelegance #mkparrish",08/07/2026,18:00,FALSE,FALSE,FALSE,FALSE,FALSE,FALSE,FALSE,TRUE,FALSE,FALSE,FALSE,https://raw.githubusercontent.com/empathicmk-svg/mkparrish-site/main/output/tiktok/post-12-script-i-m-possible.mp4,nothing is impossible the word itself says i'm possible — audrey hepburn,
"she gave us permission to do it scared. fear is not the disqualifier. fear is the weather. you go anyway. the women who built things weren't fearless — they were purposeful. the vision was louder than the doubt. ♡ - MK
📖 If this landed — The Reinvention Workbook is the guided version. Read more at mkparrish.com/shelf
#audrelorde #courageousvision #powerfulwomen #philosophyoflife #mkparrish",09/07/2026,09:00,FALSE,FALSE,FALSE,FALSE,FALSE,TRUE,FALSE,FALSE,FALSE,FALSE,FALSE,https://raw.githubusercontent.com/empathicmk-svg/mkparrish-site/main/output/instagram-editorial/philosophy/post-13-power-in-service-of-vision.png,when i dare to be powerful to use my strength in service of my vision then it becomes less important whether i am afraid — audre lorde,
"abusers don't burn the village. they raise the price of admission. by the time you look up, the people who loved you most are the ones you owe the most apologies to. for the calls you didn't return. the dinners you bailed on. the way you got quiet at the table. they will forgive you. start with one. ♡ - MK
🤍 For the rebuild: The Reinvention Workbook — a guided companion for becoming new. mkparrish.com/shelf
#isolationabuse #rebuildingfriendships #survivor #therewrite",09/07/2026,13:00,FALSE,FALSE,FALSE,FALSE,FALSE,TRUE,FALSE,FALSE,FALSE,FALSE,FALSE,https://raw.githubusercontent.com/empathicmk-svg/mkparrish-site/main/output/instagram-editorial/fifty/post-13-the-friends-you-lost.png,he didn't take your friends he made staying friends with you cost too much,
"she had a whole philosophy under that perfect exterior. quiet strength. chosen happiness. not the performance of it — the decision. one you can make today. ♡ - MK
🔥 Move with your whole chest. Write Yourself Into the Room → mkparrish.com/shelf
#audreyhepburn #happygirls #oldhollywoood #timelesswisdom #mkparrish",09/07/2026,18:00,FALSE,FALSE,FALSE,FALSE,FALSE,TRUE,FALSE,FALSE,FALSE,FALSE,FALSE,https://raw.githubusercontent.com/empathicmk-svg/mkparrish-site/main/output/instagram-editorial/bold/post-13-happy-girls.png,i believe that happy girls are the prettiest girls — audrey hepburn,
"she had a whole philosophy under that perfect exterior. quiet strength. chosen happiness. not the performance of it — the decision. one you can make today. ♡ - MK
🔥 The full library lives at mkparrish.com/shelf — start with Write Yourself Into the Room
#audreyhepburn #happygirls #oldhollywoood #timelesswisdom #mkparrish",10/07/2026,09:00,FALSE,FALSE,FALSE,FALSE,FALSE,FALSE,FALSE,TRUE,FALSE,FALSE,FALSE,https://raw.githubusercontent.com/empathicmk-svg/mkparrish-site/main/output/tiktok/post-13-script-happy-girls.mp4,i believe that happy girls are the prettiest girls — audrey hepburn,
"nobody handed the pipeline to anyone. what looks like luck from the outside is invisible infrastructure. the email drafted six months ago. the framework built before anyone asked. the reputation that preceded the conversation. prepare like the room is already full. ♡ - MK
✍️ Build a voice that says it like this → Write Yourself Into the Room at mkparrish.com/shelf
#seneca #stoicwisdom #preparation #philosophyoflife #mkparrish",10/07/2026,13:00,FALSE,FALSE,FALSE,FALSE,FALSE,TRUE,FALSE,FALSE,FALSE,FALSE,FALSE,https://raw.githubusercontent.com/empathicmk-svg/mkparrish-site/main/output/instagram-editorial/philosophy/post-14-what-luck-actually-is.png,luck is what happens when preparation meets opportunity — seneca,
"when you can't write the whole story, write one true sentence. he was not safe. i was not crazy. i deserved better. that's a foundation. the rest of the book will come. ♡ - MK
📚 Every guide in one place — The Vault (complete library) at mkparrish.com/shelf
#onetruesentence #therewrite #healingjourney #survivor",10/07/2026,18:00,FALSE,FALSE,FALSE,FALSE,FALSE,TRUE,FALSE,FALSE,FALSE,FALSE,FALSE,https://raw.githubusercontent.com/empathicmk-svg/mkparrish-site/main/output/instagram-editorial/fifty/post-14-one-true-sentence.png,start with one true sentence he was not safe,
"rumi wrote this in the 13th century. it doesn't need a PhD to understand. it needs quiet. the thing you want also wants you. get out of your own way. ♡ - MK
🎤 Build a brand voice nobody can copy — The Brand Voice Playbook at mkparrish.com/shelf
#rumi #rumipoetry #whatyouseek #spiritualwisdom #mkparrish",11/07/2026,09:00,FALSE,FALSE,FALSE,FALSE,FALSE,TRUE,FALSE,FALSE,FALSE,FALSE,FALSE,https://raw.githubusercontent.com/empathicmk-svg/mkparrish-site/main/output/instagram-editorial/bold/post-14-what-you-seek.png,what you seek is seeking you — rumi,
"rumi wrote this in the 13th century. it doesn't need a PhD to understand. it needs quiet. the thing you want also wants you. get out of your own way. ♡ - MK
📚 More where this came from → The Vault at mkparrish.com/shelf
#rumi #rumipoetry #whatyouseek #spiritualwisdom #mkparrish",11/07/2026,13:00,FALSE,FALSE,FALSE,FALSE,FALSE,FALSE,FALSE,TRUE,FALSE,FALSE,FALSE,https://raw.githubusercontent.com/empathicmk-svg/mkparrish-site/main/output/tiktok/post-14-script-what-you-seek.mp4,what you seek is seeking you — rumi,
"she wrote that in 1929. we are still negotiating the terms. financial autonomy isn't about the number. it's about the silence that comes with it. no permission needed. no apology for the dream. the room is real. the money is the key. ♡ - MK
📖 If this landed — The Reinvention Workbook is the guided version. Read more at mkparrish.com/shelf
#virginiawoolf #financialfreedom #womenandmoney #philosophyoflife #mkparrish",11/07/2026,18:00,FALSE,FALSE,FALSE,FALSE,FALSE,TRUE,FALSE,FALSE,FALSE,FALSE,FALSE,https://raw.githubusercontent.com/empathicmk-svg/mkparrish-site/main/output/instagram-editorial/philosophy/post-15-the-room-of-one-s-own.png,a woman must have money and a room of her own — virginia woolf,
"consider the source. the people who needed you to doubt yourself were the ones profiting from your doubt. your gut was not the problem. your gut was the only honest thing in the room. ♡ - MK
🤍 For the rebuild: The Reinvention Workbook — a guided companion for becoming new. mkparrish.com/shelf
#trustyourself #survivor #narcissisticabuse #therewrite",12/07/2026,09:00,FALSE,FALSE,FALSE,FALSE,FALSE,TRUE,FALSE,FALSE,FALSE,FALSE,FALSE,https://raw.githubusercontent.com/empathicmk-svg/mkparrish-site/main/output/instagram-editorial/fifty/post-15-trust-yourself-first.png,the people who told you you were crazy had a vested interest in your silence,
"not after you fix it. not once you've earned it. not when you're further along. right now. exactly as is. that's the whole message. ♡ - MK
🔥 Move with your whole chest. Write Yourself Into the Room → mkparrish.com/shelf
#brenebrown #worthy #wholehearted #selflove #mkparrish",12/07/2026,13:00,FALSE,FALSE,FALSE,FALSE,FALSE,TRUE,FALSE,FALSE,FALSE,FALSE,FALSE,https://raw.githubusercontent.com/empathicmk-svg/mkparrish-site/main/output/instagram-editorial/bold/post-15-you-are-worthy.png,you are imperfect you are wired for struggle but you are worthy of love and belonging — brené brown,
"not after you fix it. not once you've earned it. not when you're further along. right now. exactly as is. that's the whole message. ♡ - MK
🔥 The full library lives at mkparrish.com/shelf — start with Write Yourself Into the Room
#brenebrown #worthy #wholehearted #selflove #mkparrish",12/07/2026,18:00,FALSE,FALSE,FALSE,FALSE,FALSE,FALSE,FALSE,TRUE,FALSE,FALSE,FALSE,https://raw.githubusercontent.com/empathicmk-svg/mkparrish-site/main/output/tiktok/post-15-script-you-are-worthy.mp4,you are imperfect you are wired for struggle but you are worthy of love and belonging — brené brown,
"you are allowed to be in the asking year. the not-knowing is not failure. it is the condition for the answer. most breakthroughs were preceded by a long confusion. stay in the question. the year that answers is coming. ♡ - MK
✍️ Build a voice that says it like this → Write Yourself Into the Room at mkparrish.com/shelf
#zoranealehurston #philosophyoflife #trust #seasons #mkparrish",13/07/2026,09:00,FALSE,FALSE,FALSE,FALSE,FALSE,TRUE,FALSE,FALSE,FALSE,FALSE,FALSE,https://raw.githubusercontent.com/empathicmk-svg/mkparrish-site/main/output/instagram-editorial/philosophy/post-16-years-that-answer.png,there are years that ask questions and years that answer — zora neale hurston,
"no contact is not closure. it's withdrawal. you will romanticize him on day three. you will draft a text on day seven. you will almost break on day fourteen. and on day thirty you will notice the lightness. it's not gone. but it's coming. hold the line. ♡ - MK
📚 Every guide in one place — The Vault (complete library) at mkparrish.com/shelf
#nocontact #leavingabuse #survivor #therewrite #healing",13/07/2026,13:00,FALSE,FALSE,FALSE,FALSE,FALSE,TRUE,FALSE,FALSE,FALSE,FALSE,FALSE,https://raw.githubusercontent.com/empathicmk-svg/mkparrish-site/main/output/instagram-editorial/fifty/post-16-the-first-30-days.png,day one of no contact is the loudest silence of your life,
"the difference was never the circumstances. it was the decision to keep going after the circumstances broke her open. that decision is always available. ♡ - MK
🎤 Build a brand voice nobody can copy — The Brand Voice Playbook at mkparrish.com/shelf
#beautaplin #unstoppable #shewasunstoppable #boldwomen #mkparrish",13/07/2026,18:00,FALSE,FALSE,FALSE,FALSE,FALSE,TRUE,FALSE,FALSE,FALSE,FALSE,FALSE,https://raw.githubusercontent.com/empathicmk-svg/mkparrish-site/main/output/instagram-editorial/bold/post-16-she-continued-on.png,she was unstoppable not because she had no failures or doubts but because she continued on despite them — beau taplin,
"the difference was never the circumstances. it was the decision to keep going after the circumstances broke her open. that decision is always available. ♡ - MK
📚 More where this came from → The Vault at mkparrish.com/shelf
#beautaplin #unstoppable #shewasunstoppable #boldwomen #mkparrish",14/07/2026,09:00,FALSE,FALSE,FALSE,FALSE,FALSE,FALSE,FALSE,TRUE,FALSE,FALSE,FALSE,https://raw.githubusercontent.com/empathicmk-svg/mkparrish-site/main/output/tiktok/post-16-script-she-continued-on.mp4,she was unstoppable not because she had no failures or doubts but because she continued on despite them — beau taplin,
"the problem is rarely the circumstance. it's the frame. new eyes aren't optimism — they're a trained skill. five slides on perception as competitive advantage. this is what strategy looks like before it looks like strategy. ♡ - MK
📖 If this landed — The Reinvention Workbook is the guided version. Read more at mkparrish.com/shelf
#marcelproust #perception #philosophyoflife #neweyes #mkparrish",14/07/2026,13:00,FALSE,FALSE,FALSE,FALSE,FALSE,TRUE,FALSE,FALSE,FALSE,FALSE,FALSE,https://raw.githubusercontent.com/empathicmk-svg/mkparrish-site/main/output/instagram-editorial/philosophy/post-17-new-eyes.png,the real voyage of discovery consists not in seeking new landscapes but in having new eyes — proust,
"before him you laughed louder. you wrote things. you wore the dress. you said the thing. she didn't die. she just got quiet. go back for her. she's been sitting on the curb of your old life this whole time. ♡ - MK
🤍 For the rebuild: The Reinvention Workbook — a guided companion for becoming new. mkparrish.com/shelf
#findyourselfagain #healingjourney #survivor #therewrite",14/07/2026,18:00,FALSE,FALSE,FALSE,FALSE,FALSE,TRUE,FALSE,FALSE,FALSE,FALSE,FALSE,https://raw.githubusercontent.com/empathicmk-svg/mkparrish-site/main/output/instagram-editorial/fifty/post-17-who-you-were-before-him.png,there was a girl before him and she's still in there waiting to be picked up,
"sophia loren was one of the most photographed women in history and she knew the whole thing came from within. that's not a small observation. that's everything. ♡ - MK
🔥 Move with your whole chest. Write Yourself Into the Room → mkparrish.com/shelf
#sophialoren #innerbeauty #oldhollywoood #beautyquotes #mkparrish",15/07/2026,09:00,FALSE,FALSE,FALSE,FALSE,FALSE,TRUE,FALSE,FALSE,FALSE,FALSE,FALSE,https://raw.githubusercontent.com/empathicmk-svg/mkparrish-site/main/output/instagram-editorial/bold/post-17-beauty-is-how-you-feel.png,beauty is how you feel inside and it reflects in your eyes it is not something physical — sophia loren,
"sophia loren was one of the most photographed women in history and she knew the whole thing came from within. that's not a small observation. that's everything. ♡ - MK
🔥 The full library lives at mkparrish.com/shelf — start with Write Yourself Into the Room
#sophialoren #innerbeauty #oldhollywoood #beautyquotes #mkparrish",15/07/2026,13:00,FALSE,FALSE,FALSE,FALSE,FALSE,FALSE,FALSE,TRUE,FALSE,FALSE,FALSE,https://raw.githubusercontent.com/empathicmk-svg/mkparrish-site/main/output/tiktok/post-17-script-beauty-is-how-you-feel.mp4,beauty is how you feel inside and it reflects in your eyes it is not something physical — sophia loren,
"no system. no framework. no positioning sprint. none of it substitutes for the work. the women i admire most are not the best marketed. they are the most relentless. tools are multipliers. they need something to multiply. ♡ - MK
✍️ Build a voice that says it like this → Write Yourself Into the Room at mkparrish.com/shelf
#mayaangelou #thework #discipline #philosophyoflife #mkparrish",15/07/2026,18:00,FALSE,FALSE,FALSE,FALSE,FALSE,TRUE,FALSE,FALSE,FALSE,FALSE,FALSE,https://raw.githubusercontent.com/empathicmk-svg/mkparrish-site/main/output/instagram-editorial/philosophy/post-18-nothing-without-it.png,nothing will work unless you do — maya angelou,
"when a woman finally tells you, she has already shrunk it for your comfort. believe the polite version. then sit with her until she can tell you the real one. ♡ - MK
📚 Every guide in one place — The Vault (complete library) at mkparrish.com/shelf
#believewomen #domesticviolenceawareness #survivor #therewrite",16/07/2026,09:00,FALSE,FALSE,FALSE,FALSE,FALSE,TRUE,FALSE,FALSE,FALSE,FALSE,FALSE,https://raw.githubusercontent.com/empathicmk-svg/mkparrish-site/main/output/instagram-editorial/fifty/post-18-believe-her-the-first-time.png,she will only tell you the polite version believe her anyway,
"to become is to shed. every layer of performance. every borrowed expectation. the woman underneath is patient. she has been waiting for you to find her. ♡ - MK
🎤 Build a brand voice nobody can copy — The Brand Voice Playbook at mkparrish.com/shelf
#katechopin #becomingher #literaryquotes #womenhood #mkparrish",16/07/2026,13:00,FALSE,FALSE,FALSE,FALSE,FALSE,TRUE,FALSE,FALSE,FALSE,FALSE,FALSE,https://raw.githubusercontent.com/empathicmk-svg/mkparrish-site/main/output/instagram-editorial/bold/post-18-she-became.png,she was becoming herself and daily casting aside that fictitious self which we assume like a garment — kate chopin,
"to become is to shed. every layer of performance. every borrowed expectation. the woman underneath is patient. she has been waiting for you to find her. ♡ - MK
📚 More where this came from → The Vault at mkparrish.com/shelf
#katechopin #becomingher #literaryquotes #womenhood #mkparrish",16/07/2026,18:00,FALSE,FALSE,FALSE,FALSE,FALSE,FALSE,FALSE,TRUE,FALSE,FALSE,FALSE,https://raw.githubusercontent.com/empathicmk-svg/mkparrish-site/main/output/tiktok/post-18-script-she-became.mp4,she was becoming herself and daily casting aside that fictitious self which we assume like a garment — kate chopin,
"most people design their calendar. few design their life. deliberate living isn't minimalism or off-grid. it's the conscious choice of what you let in. what you protect. what you refuse. the woods are wherever you stop performing and start choosing. ♡ - MK
📖 If this landed — The Reinvention Workbook is the guided version. Read more at mkparrish.com/shelf
#henrydavidthoreau #deliberatelife #intentionalliving #philosophyoflife #mkparrish",17/07/2026,09:00,FALSE,FALSE,FALSE,FALSE,FALSE,TRUE,FALSE,FALSE,FALSE,FALSE,FALSE,https://raw.githubusercontent.com/empathicmk-svg/mkparrish-site/main/output/instagram-editorial/philosophy/post-19-on-purpose.png,i went to the woods because i wished to live deliberately — henry david thoreau,
"love bombing is not love. it's a deposit. they're collecting interest later. when the cold comes, you will chase the warmth and call it your fault. it was the plan. ♡ - MK
🤍 For the rebuild: The Reinvention Workbook — a guided companion for becoming new. mkparrish.com/shelf
#lovebombing #narcissisticabuse #emotionalabuse #therewrite",17/07/2026,13:00,FALSE,FALSE,FALSE,FALSE,FALSE,TRUE,FALSE,FALSE,FALSE,FALSE,FALSE,https://raw.githubusercontent.com/empathicmk-svg/mkparrish-site/main/output/instagram-editorial/fifty/post-19-love-bombing.png,the high was the bait the low was the point,
"this is who you are when you stop apologizing for your existence. clothed. covered. laughing. not at the future — at the fear of it. she knew something most of us are still learning. ♡ - MK
🔥 Move with your whole chest. Write Yourself Into the Room → mkparrish.com/shelf
#proverbs3125 #bibleverses #sheisclothed #faithoverfear #mkparrish",17/07/2026,18:00,FALSE,FALSE,FALSE,FALSE,FALSE,TRUE,FALSE,FALSE,FALSE,FALSE,FALSE,https://raw.githubusercontent.com/empathicmk-svg/mkparrish-site/main/output/instagram-editorial/bold/post-19-clothed-in-it.png,she is clothed with strength and dignity and she laughs without fear of the future — proverbs 31:25,
"this is who you are when you stop apologizing for your existence. clothed. covered. laughing. not at the future — at the fear of it. she knew something most of us are still learning. ♡ - MK
🔥 The full library lives at mkparrish.com/shelf — start with Write Yourself Into the Room
#proverbs3125 #bibleverses #sheisclothed #faithoverfear #mkparrish",18/07/2026,09:00,FALSE,FALSE,FALSE,FALSE,FALSE,FALSE,FALSE,TRUE,FALSE,FALSE,FALSE,https://raw.githubusercontent.com/empathicmk-svg/mkparrish-site/main/output/tiktok/post-19-editorial-clothed-in-it.mp4,she is clothed with strength and dignity and she laughs without fear of the future — proverbs 31:25,
"the beautiful draft you won't publish. the project you keep perfecting instead of releasing. the version of yourself you're waiting to become before you begin. perfectionism is not high standards. it is fear with excellent taste. put it down. ship the thing. ♡ - MK
✍️ Build a voice that says it like this → Write Yourself Into the Room at mkparrish.com/shelf
#annelamott #perfectionism #donebetterthenperfect #philosophyoflife #mkparrish",18/07/2026,13:00,FALSE,FALSE,FALSE,FALSE,FALSE,TRUE,FALSE,FALSE,FALSE,FALSE,FALSE,https://raw.githubusercontent.com/empathicmk-svg/mkparrish-site/main/output/instagram-editorial/philosophy/post-20-put-it-down.png,perfectionism is the voice of the oppressor — anne lamott,
"family court is not a healing space. it is a performance. document everything. text in writing. screenshots backed up off your phone. find a lawyer who has handled coercive control. you will be told to be calm. be calm and be relentless. ♡ - MK
📚 Every guide in one place — The Vault (complete library) at mkparrish.com/shelf
#familycourt #domesticviolence #coercivecontrol #survivor #therewrite",18/07/2026,18:00,FALSE,FALSE,FALSE,FALSE,FALSE,TRUE,FALSE,FALSE,FALSE,FALSE,FALSE,https://raw.githubusercontent.com/empathicmk-svg/mkparrish-site/main/output/instagram-editorial/fifty/post-20-what-family-court-won-t-tell-you.png,he will look calm and you will look hysterical it is the design,
"three words. three of the most radical instructions ever written. in a world that rewards movement and penalizes pause — be still. just try it for one day. ♡ - MK
🎤 Build a brand voice nobody can copy — The Brand Voice Playbook at mkparrish.com/shelf
#psalm4610 #bestill #bibleverses #faithandpeace #mkparrish",19/07/2026,09:00,FALSE,FALSE,FALSE,FALSE,FALSE,TRUE,FALSE,FALSE,FALSE,FALSE,FALSE,https://raw.githubusercontent.com/empathicmk-svg/mkparrish-site/main/output/instagram-editorial/bold/post-20-be-still.png,be still and know that i am god — psalm 46:10,
"three words. three of the most radical instructions ever written. in a world that rewards movement and penalizes pause — be still. just try it for one day. ♡ - MK
📚 More where this came from → The Vault at mkparrish.com/shelf
#psalm4610 #bestill #bibleverses #faithandpeace #mkparrish",19/07/2026,13:00,FALSE,FALSE,FALSE,FALSE,FALSE,FALSE,FALSE,TRUE,FALSE,FALSE,FALSE,https://raw.githubusercontent.com/empathicmk-svg/mkparrish-site/main/output/tiktok/post-20-editorial-be-still.mp4,be still and know that i am god — psalm 46:10,
"the most expensive thing most people spend is attention on things they cannot touch. the past is a record. the future is a bet. the present is the only place work actually happens. every luxury you are building lives here. stay. ♡ - MK
📖 If this landed — The Reinvention Workbook is the guided version. Read more at mkparrish.com/shelf
#marcusaurelius #stoicwisdom #presentmoment #philosophyoflife #mkparrish",19/07/2026,18:00,FALSE,FALSE,FALSE,FALSE,FALSE,TRUE,FALSE,FALSE,FALSE,FALSE,FALSE,https://raw.githubusercontent.com/empathicmk-svg/mkparrish-site/main/output/instagram-editorial/philosophy/post-21-the-luxury-of-now.png,confine yourself to the present — marcus aurelius,
"you will flinch at a slammed cabinet for years. you will brace at a familiar cologne. that's not weakness. that's a nervous system that learned to survive a person. it will recalibrate. give it time it didn't get the first time. ♡ - MK
🤍 For the rebuild: The Reinvention Workbook — a guided companion for becoming new. mkparrish.com/shelf
#thebodykeepsscore #traumaresponse #healing #survivor #therewrite",20/07/2026,09:00,FALSE,FALSE,FALSE,FALSE,FALSE,TRUE,FALSE,FALSE,FALSE,FALSE,FALSE,https://raw.githubusercontent.com/empathicmk-svg/mkparrish-site/main/output/instagram-editorial/fifty/post-21-the-body-keeps-score.png,"your body remembered him before your mind let you,",
"the version of you who reads this on a hard day needed it. the uncertainty you're in is not the ending. it is the setup. trust what is being built. ♡ - MK
🔥 Move with your whole chest. Write Yourself Into the Room → mkparrish.com/shelf
#jeremiah2911 #bibleverses #trusttheprocess #purposedriven #mkparrish",20/07/2026,13:00,FALSE,FALSE,FALSE,FALSE,FALSE,TRUE,FALSE,FALSE,FALSE,FALSE,FALSE,https://raw.githubusercontent.com/empathicmk-svg/mkparrish-site/main/output/instagram-editorial/bold/post-21-plans-for-you.png,for i know the plans i have for you plans to prosper you and not to harm you — jeremiah 29:11,
"the version of you who reads this on a hard day needed it. the uncertainty you're in is not the ending. it is the setup. trust what is being built. ♡ - MK
🔥 The full library lives at mkparrish.com/shelf — start with Write Yourself Into the Room
#jeremiah2911 #bibleverses #trusttheprocess #purposedriven #mkparrish",20/07/2026,18:00,FALSE,FALSE,FALSE,FALSE,FALSE,FALSE,FALSE,TRUE,FALSE,FALSE,FALSE,https://raw.githubusercontent.com/empathicmk-svg/mkparrish-site/main/output/tiktok/post-21-editorial-plans-for-you.mp4,for i know the plans i have for you plans to prosper you and not to harm you — jeremiah 29:11,
"the most precise work is also the most beautiful. not because we decorated it — because we removed everything that wasn't true. taste is not decoration. it is the discipline of elimination. ♡ - MK
✍️ Build a voice that says it like this → Write Yourself Into the Room at mkparrish.com/shelf
#johnkeats #beautyistruth #aesthetics #philosophyoflife #mkparrish",21/07/2026,09:00,FALSE,FALSE,FALSE,FALSE,FALSE,TRUE,FALSE,FALSE,FALSE,FALSE,FALSE,https://raw.githubusercontent.com/empathicmk-svg/mkparrish-site/main/output/instagram-editorial/philosophy/post-22-the-aesthetic-principle.png,beauty is truth truth beauty — keats,
"you weren't an angry woman. you were a woman who finally figured out what was being done to her. anger is not a flaw. it's a compass. follow it home. ♡ - MK
📚 Every guide in one place — The Vault (complete library) at mkparrish.com/shelf
#righteousanger #survivor #therewrite #healingjourney",21/07/2026,13:00,FALSE,FALSE,FALSE,FALSE,FALSE,TRUE,FALSE,FALSE,FALSE,FALSE,FALSE,https://raw.githubusercontent.com/empathicmk-svg/mkparrish-site/main/output/instagram-editorial/fifty/post-22-your-anger-is-information.png,your anger is not the problem it's the proof,
"proof that nature does not wait for perfect conditions. neither should you. what you're growing right now in the least ideal circumstances — that's the most impressive version of the story. ♡ - MK
🎤 Build a brand voice nobody can copy — The Brand Voice Playbook at mkparrish.com/shelf
#tupacshakur #rosefromconcrete #resilience #hiphoppoetry #mkparrish",21/07/2026,18:00,FALSE,FALSE,FALSE,FALSE,FALSE,TRUE,FALSE,FALSE,FALSE,FALSE,FALSE,https://raw.githubusercontent.com/empathicmk-svg/mkparrish-site/main/output/instagram-editorial/bold/post-22-the-rose.png,did you hear about the rose that grew from a crack in the concrete? — tupac shakur,
"proof that nature does not wait for perfect conditions. neither should you. what you're growing right now in the least ideal circumstances — that's the most impressive version of the story. ♡ - MK
📚 More where this came from → The Vault at mkparrish.com/shelf
#tupacshakur #rosefromconcrete #resilience #hiphoppoetry #mkparrish",22/07/2026,09:00,FALSE,FALSE,FALSE,FALSE,FALSE,FALSE,FALSE,TRUE,FALSE,FALSE,FALSE,https://raw.githubusercontent.com/empathicmk-svg/mkparrish-site/main/output/tiktok/post-22-editorial-the-rose.mp4,did you hear about the rose that grew from a crack in the concrete? — tupac shakur,
"five slides on what freedom actually looks like in practice. not abstract. not romantic. the freedom of the woman who knows her worth before the offer comes. who doesn't negotiate from desperation. whose standards precede the conversation. ♡ - MK
📖 If this landed — The Reinvention Workbook is the guided version. Read more at mkparrish.com/shelf
#albertcamus #freedom #philosophyoflife #rebel #mkparrish",22/07/2026,13:00,FALSE,FALSE,FALSE,FALSE,FALSE,TRUE,FALSE,FALSE,FALSE,FALSE,FALSE,https://raw.githubusercontent.com/empathicmk-svg/mkparrish-site/main/output/instagram-editorial/philosophy/post-23-absolutely-free.png,the only way to deal with an unfree world is to become so absolutely free that your very existence is an act of rebellion — albert camus,
"the woman everyone leans on is the woman nobody checks on. she will tell you she's fine because she's been performing fine since she was seven. ask twice. mean it. let the silence get long. she'll fill it eventually. ♡ - MK
🤍 For the rebuild: The Reinvention Workbook — a guided companion for becoming new. mkparrish.com/shelf
#checkonyourstrongfriend #sufferinginsilence #survivor #therewrite",22/07/2026,18:00,FALSE,FALSE,FALSE,FALSE,FALSE,TRUE,FALSE,FALSE,FALSE,FALSE,FALSE,https://raw.githubusercontent.com/empathicmk-svg/mkparrish-site/main/output/instagram-editorial/fifty/post-23-the-strong-friend.png,the strong friend is not okay she's just well-rehearsed,
"three words carrying centuries. maya didn't need more. she knew the weight of what she was saying and trusted you to feel it. still. you. rise. ♡ - MK
🔥 Move with your whole chest. Write Yourself Into the Room → mkparrish.com/shelf
#mayaangelou #stillirise #poetry #powerfulwoman #mkparrish",23/07/2026,09:00,FALSE,FALSE,FALSE,FALSE,FALSE,TRUE,FALSE,FALSE,FALSE,FALSE,FALSE,https://raw.githubusercontent.com/empathicmk-svg/mkparrish-site/main/output/instagram-editorial/bold/post-23-still-i-rise.png,still i rise — maya angelou,
"three words carrying centuries. maya didn't need more. she knew the weight of what she was saying and trusted you to feel it. still. you. rise. ♡ - MK
🔥 The full library lives at mkparrish.com/shelf — start with Write Yourself Into the Room
#mayaangelou #stillirise #poetry #powerfulwoman #mkparrish",23/07/2026,13:00,FALSE,FALSE,FALSE,FALSE,FALSE,FALSE,FALSE,TRUE,FALSE,FALSE,FALSE,https://raw.githubusercontent.com/empathicmk-svg/mkparrish-site/main/output/tiktok/post-23-editorial-still-i-rise.mp4,still i rise — maya angelou,
"i have tried the quiet. the edited life. the version of myself that asked fewer questions and wanted less. peace doesn't live in the retreat. it lives on the other side of the thing you've been avoiding. walk into it. ♡ - MK
✍️ Build a voice that says it like this → Write Yourself Into the Room at mkparrish.com/shelf
#virginiawoolf #philosophyoflife #innerpeace #faceit #mkparrish",23/07/2026,18:00,FALSE,FALSE,FALSE,FALSE,FALSE,TRUE,FALSE,FALSE,FALSE,FALSE,FALSE,https://raw.githubusercontent.com/empathicmk-svg/mkparrish-site/main/output/instagram-editorial/philosophy/post-24-through-it.png,you cannot find peace by avoiding life — virginia woolf,
"real apologies have three parts. i did this. it hurt you in this way. here is what i will do differently. anything less is a lawyer with feelings. you do not have to accept the closing argument. ♡ - MK
📚 Every guide in one place — The Vault (complete library) at mkparrish.com/shelf
#realapology #emotionalabuse #narcissisticabuse #therewrite",24/07/2026,09:00,FALSE,FALSE,FALSE,FALSE,FALSE,TRUE,FALSE,FALSE,FALSE,FALSE,FALSE,https://raw.githubusercontent.com/empathicmk-svg/mkparrish-site/main/output/instagram-editorial/fifty/post-24-the-apology-that-wasn-t.png,i'm sorry you feel that way is not an apology it's a closing argument,
"the conversation about potential is not the potential. the plan is not the work. at some point the argument ends and the behavior begins. make yours count. ♡ - MK
🎤 Build a brand voice nobody can copy — The Brand Voice Playbook at mkparrish.com/shelf
#marcusaurelius #stoicwisdom #beone #actionnotwords #mkparrish",24/07/2026,13:00,FALSE,FALSE,FALSE,FALSE,FALSE,TRUE,FALSE,FALSE,FALSE,FALSE,FALSE,https://raw.githubusercontent.com/empathicmk-svg/mkparrish-site/main/output/instagram-editorial/bold/post-24-be-one.png,waste no more time arguing about what a good person should be be one — marcus aurelius,
"the conversation about potential is not the potential. the plan is not the work. at some point the argument ends and the behavior begins. make yours count. ♡ - MK
📚 More where this came from → The Vault at mkparrish.com/shelf
#marcusaurelius #stoicwisdom #beone #actionnotwords #mkparrish",24/07/2026,18:00,FALSE,FALSE,FALSE,FALSE,FALSE,FALSE,FALSE,TRUE,FALSE,FALSE,FALSE,https://raw.githubusercontent.com/empathicmk-svg/mkparrish-site/main/output/tiktok/post-24-editorial-be-one.mp4,waste no more time arguing about what a good person should be be one — marcus aurelius,
"seneca wrote that letter while house-arrested in rome. it was urgent then. we have built entire industries around filling the space he was talking about. time isn't the constraint. attention is. decide what deserves yours. ♡ - MK
📖 If this landed — The Reinvention Workbook is the guided version. Read more at mkparrish.com/shelf
#seneca #stoicwisdom #attention #philosophyoflife #mkparrish",25/07/2026,09:00,FALSE,FALSE,FALSE,FALSE,FALSE,TRUE,FALSE,FALSE,FALSE,FALSE,FALSE,https://raw.githubusercontent.com/empathicmk-svg/mkparrish-site/main/output/instagram-editorial/philosophy/post-25-the-real-scarcity.png,it is not that we have a short time to live but that we waste a great deal of it — seneca,
"financial abuse is rarely on the brochure. allowance. veto power. credit run into the ground in your name. a job he made impossible to keep. it counts. it's a cage. start a separate account today. even ten dollars. that's the first key. ♡ - MK
🤍 For the rebuild: The Reinvention Workbook — a guided companion for becoming new. mkparrish.com/shelf
#financialabuse #domesticviolence #survivor #therewrite",25/07/2026,13:00,FALSE,FALSE,FALSE,FALSE,FALSE,TRUE,FALSE,FALSE,FALSE,FALSE,FALSE,https://raw.githubusercontent.com/empathicmk-svg/mkparrish-site/main/output/instagram-editorial/fifty/post-25-financial-abuse-is-abuse.png,he didn't lock the door he locked the bank account,
"the external world is a mirror. what you can't control out there is the invitation to go deeper in here. marcus wrote this while running an empire. ♡ - MK
🔥 Move with your whole chest. Write Yourself Into the Room → mkparrish.com/shelf
#marcusaurelius #stoicism #mindpower #ancientwisdom #mkparrish",25/07/2026,18:00,FALSE,FALSE,FALSE,FALSE,FALSE,TRUE,FALSE,FALSE,FALSE,FALSE,FALSE,https://raw.githubusercontent.com/empathicmk-svg/mkparrish-site/main/output/instagram-editorial/bold/post-25-power-is-internal.png,you have power over your mind not outside events realize this and you will find strength — marcus aurelius,
"the external world is a mirror. what you can't control out there is the invitation to go deeper in here. marcus wrote this while running an empire. ♡ - MK
🔥 The full library lives at mkparrish.com/shelf — start with Write Yourself Into the Room
#marcusaurelius #stoicism #mindpower #ancientwisdom #mkparrish",26/07/2026,09:00,FALSE,FALSE,FALSE,FALSE,FALSE,FALSE,FALSE,TRUE,FALSE,FALSE,FALSE,https://raw.githubusercontent.com/empathicmk-svg/mkparrish-site/main/output/tiktok/post-25-editorial-power-is-internal.mp4,you have power over your mind not outside events realize this and you will find strength — marcus aurelius,
"not the instagram version. not the therapy version. the version that tells you what you actually want, what actually replenishes you, what you are building toward and why. most people skip the beginning and wonder why the middle doesn't make sense. ♡ - MK
✍️ Build a voice that says it like this → Write Yourself Into the Room at mkparrish.com/shelf
#aristotle #selfknowledge #wisdom #philosophyoflife #mkparrish",26/07/2026,13:00,FALSE,FALSE,FALSE,FALSE,FALSE,TRUE,FALSE,FALSE,FALSE,FALSE,FALSE,https://raw.githubusercontent.com/empathicmk-svg/mkparrish-site/main/output/instagram-editorial/philosophy/post-26-the-beginning.png,knowing yourself is the beginning of all wisdom — aristotle,
"loud. emotional. ambitious. needy. those were not flaws. those were the symptoms of being underloved by someone who needed you smaller. take up the room. the right people will pull up a chair. ♡ - MK
📚 Every guide in one place — The Vault (complete library) at mkparrish.com/shelf
#youarenottoomuch #survivor #therewrite #worthy",26/07/2026,18:00,FALSE,FALSE,FALSE,FALSE,FALSE,TRUE,FALSE,FALSE,FALSE,FALSE,FALSE,https://raw.githubusercontent.com/empathicmk-svg/mkparrish-site/main/output/instagram-editorial/fifty/post-26-you-were-never-too-much.png,you were never too much you were just with someone too small,
"not tomorrow. not when things settle. not once you have the answer. there is no guaranteed later. there is only the very alive right now. ♡ - MK
🎤 Build a brand voice nobody can copy — The Brand Voice Playbook at mkparrish.com/shelf
#seneca #stoicwisdom #liveimmediately #presentmoment #mkparrish",27/07/2026,09:00,FALSE,FALSE,FALSE,FALSE,FALSE,TRUE,FALSE,FALSE,FALSE,FALSE,FALSE,https://raw.githubusercontent.com/empathicmk-svg/mkparrish-site/main/output/instagram-editorial/bold/post-26-live-immediately.png,the whole future lies in uncertainty live immediately — seneca,
"not tomorrow. not when things settle. not once you have the answer. there is no guaranteed later. there is only the very alive right now. ♡ - MK
📚 More where this came from → The Vault at mkparrish.com/shelf
#seneca #stoicwisdom #liveimmediately #presentmoment #mkparrish",27/07/2026,13:00,FALSE,FALSE,FALSE,FALSE,FALSE,FALSE,FALSE,TRUE,FALSE,FALSE,FALSE,https://raw.githubusercontent.com/empathicmk-svg/mkparrish-site/main/output/tiktok/post-26-editorial-live-immediately.mp4,the whole future lies in uncertainty live immediately — seneca,
"five slides on sitting with uncertainty as a practice. rilke wrote this to a young poet. it applies to every version of yourself mid-becoming. the answers live on the other side of the willingness to not know yet. ♡ - MK
📖 If this landed — The Reinvention Workbook is the guided version. Read more at mkparrish.com/shelf
#rilke #philosophyoflife #becomingher #uncertainty #mkparrish",27/07/2026,18:00,FALSE,FALSE,FALSE,FALSE,FALSE,TRUE,FALSE,FALSE,FALSE,FALSE,FALSE,https://raw.githubusercontent.com/empathicmk-svg/mkparrish-site/main/output/instagram-editorial/philosophy/post-27-patience-for-answers.png,be patient toward all that is unsolved in your heart try to love the questions themselves — rainer maria rilke,
"sometimes the people who should have caught you, didn't. sometimes they sided with him because his story was easier than yours. that grief is real. you can love them and still build a life that doesn't need their permission. chosen family is family. ♡ - MK
🤍 For the rebuild: The Reinvention Workbook — a guided companion for becoming new. mkparrish.com/shelf
#familytrauma #chosenfamily #survivor #therewrite",28/07/2026,09:00,FALSE,FALSE,FALSE,FALSE,FALSE,TRUE,FALSE,FALSE,FALSE,FALSE,FALSE,https://raw.githubusercontent.com/empathicmk-svg/mkparrish-site/main/output/instagram-editorial/fifty/post-27-when-family-picks-him.png,the second betrayal is the one with your last name,
"she asked it as a poem. i ask it as a strategy question. your answer right now is your current operating system. does it match the life you actually want? ♡ - MK
🔥 Move with your whole chest. Write Yourself Into the Room → mkparrish.com/shelf
#maryoliver #wildandprecious #poetryforlife #intentionalliving #mkparrish",28/07/2026,13:00,FALSE,FALSE,FALSE,FALSE,FALSE,TRUE,FALSE,FALSE,FALSE,FALSE,FALSE,https://raw.githubusercontent.com/empathicmk-svg/mkparrish-site/main/output/instagram-editorial/bold/post-27-wild-and-precious.png,tell me what is it you plan to do with your one wild and precious life? — mary oliver,
"she asked it as a poem. i ask it as a strategy question. your answer right now is your current operating system. does it match the life you actually want? ♡ - MK
🔥 The full library lives at mkparrish.com/shelf — start with Write Yourself Into the Room
#maryoliver #wildandprecious #poetryforlife #intentionalliving #mkparrish",28/07/2026,18:00,FALSE,FALSE,FALSE,FALSE,FALSE,FALSE,FALSE,TRUE,FALSE,FALSE,FALSE,https://raw.githubusercontent.com/empathicmk-svg/mkparrish-site/main/output/tiktok/post-27-editorial-wild-and-precious.mp4,tell me what is it you plan to do with your one wild and precious life? — mary oliver,
"legacy isn't personal brand. it isn't the follower count or the keynote or the exit. it's the question of what changed because you were here. build toward that. everything else is just the means. ♡ - MK
✍️ Build a voice that says it like this → Write Yourself Into the Room at mkparrish.com/shelf
#tonimorrison #legacy #purpose #philosophyoflife #mkparrish",29/07/2026,09:00,FALSE,FALSE,FALSE,FALSE,FALSE,TRUE,FALSE,FALSE,FALSE,FALSE,FALSE,https://raw.githubusercontent.com/empathicmk-svg/mkparrish-site/main/output/instagram-editorial/philosophy/post-28-the-upgrade.png,make a difference about something other than yourselves — toni morrison,
"copy of your ID somewhere safe. cash you can reach. a friend who knows the code word. screenshots in a hidden album. a bag at your sister's. a number for the local hotline. you are not paranoid. you are preparing. that's wisdom. ♡ - MK
📚 Every guide in one place — The Vault (complete library) at mkparrish.com/shelf
#safetyplan #domesticviolenceawareness #survivor #therewrite",29/07/2026,13:00,FALSE,FALSE,FALSE,FALSE,FALSE,TRUE,FALSE,FALSE,FALSE,FALSE,FALSE,https://raw.githubusercontent.com/empathicmk-svg/mkparrish-site/main/output/instagram-editorial/fifty/post-28-a-quiet-safety-plan.png,you don't have to leave today you have to be ready for the day you can,
"the most complete life guide ever written. three lines. no app required. look at something until it surprises you. then say so. start today. ♡ - MK
🎤 Build a brand voice nobody can copy — The Brand Voice Playbook at mkparrish.com/shelf
#maryoliver #poetryforlife #livewell #payattention #mkparrish",29/07/2026,18:00,FALSE,FALSE,FALSE,FALSE,FALSE,TRUE,FALSE,FALSE,FALSE,FALSE,FALSE,https://raw.githubusercontent.com/empathicmk-svg/mkparrish-site/main/output/instagram-editorial/bold/post-28-instructions-for-living.png,pay attention. be astonished. tell about it. — mary oliver,
"the most complete life guide ever written. three lines. no app required. look at something until it surprises you. then say so. start today. ♡ - MK
📚 More where this came from → The Vault at mkparrish.com/shelf
#maryoliver #poetryforlife #livewell #payattention #mkparrish",30/07/2026,09:00,FALSE,FALSE,FALSE,FALSE,FALSE,FALSE,FALSE,TRUE,FALSE,FALSE,FALSE,https://raw.githubusercontent.com/empathicmk-svg/mkparrish-site/main/output/tiktok/post-28-editorial-instructions-for-living.mp4,pay attention. be astonished. tell about it. — mary oliver,
"the mess you've been trying to manage is the material. the contradiction. the non-linear path. the thing that doesn't fit the narrative. nietzsche called it chaos. i call it source material. the dancing star is already forming. ♡ - MK
📖 If this landed — The Reinvention Workbook is the guided version. Read more at mkparrish.com/shelf
#nietzsche #philosophyoflife #creativity #becomingher #mkparrish",30/07/2026,13:00,FALSE,FALSE,FALSE,FALSE,FALSE,TRUE,FALSE,FALSE,FALSE,FALSE,FALSE,https://raw.githubusercontent.com/empathicmk-svg/mkparrish-site/main/output/instagram-editorial/philosophy/post-29-the-dancing-star.png,you must have chaos within you to give birth to a dancing star — nietzsche,
"kick him out of that one too. the inner critic with his voice. the eye roll in your head. the predictions of your failure that sound exactly like him. he doesn't get the inside of your skull. evict him. one kind sentence at a time. ♡ - MK
🤍 For the rebuild: The Reinvention Workbook — a guided companion for becoming new. mkparrish.com/shelf
#innercritic #selfcompassion #survivor #therewrite",30/07/2026,18:00,FALSE,FALSE,FALSE,FALSE,FALSE,TRUE,FALSE,FALSE,FALSE,FALSE,FALSE,https://raw.githubusercontent.com/empathicmk-svg/mkparrish-site/main/output/instagram-editorial/fifty/post-29-talk-to-yourself-like-her.png,the way you talk to yourself is the last room he's allowed to live in,
"campbell spent his whole life studying the hero's journey. this was his conclusion. not follow the money. not follow the market. bliss. the walls are designed to test whether you mean it. ♡ - MK
🔥 Move with your whole chest. Write Yourself Into the Room → mkparrish.com/shelf
#josephcampbell #followyourbliss #herosjourney #purpose #mkparrish",31/07/2026,09:00,FALSE,FALSE,FALSE,FALSE,FALSE,TRUE,FALSE,FALSE,FALSE,FALSE,FALSE,https://raw.githubusercontent.com/empathicmk-svg/mkparrish-site/main/output/instagram-editorial/bold/post-29-follow-your-bliss.png,follow your bliss and the universe will open doors where there were only walls — joseph campbell,
"campbell spent his whole life studying the hero's journey. this was his conclusion. not follow the money. not follow the market. bliss. the walls are designed to test whether you mean it. ♡ - MK
🔥 The full library lives at mkparrish.com/shelf — start with Write Yourself Into the Room
#josephcampbell #followyourbliss #herosjourney #purpose #mkparrish",31/07/2026,13:00,FALSE,FALSE,FALSE,FALSE,FALSE,FALSE,FALSE,TRUE,FALSE,FALSE,FALSE,https://raw.githubusercontent.com/empathicmk-svg/mkparrish-site/main/output/tiktok/post-29-editorial-follow-your-bliss.mp4,follow your bliss and the universe will open doors where there were only walls — joseph campbell,
"we spend so much of it managing. containing. optimizing. kierkegaard was inviting us to live sideways. not through the problem but into the experience itself. you do not have to have it figured out to begin. ♡ - MK
✍️ Build a voice that says it like this → Write Yourself Into the Room at mkparrish.com/shelf
#kierkegaard #philosophyoflife #becomingher #livelife #mkparrish",31/07/2026,18:00,FALSE,FALSE,FALSE,FALSE,FALSE,TRUE,FALSE,FALSE,FALSE,FALSE,FALSE,https://raw.githubusercontent.com/empathicmk-svg/mkparrish-site/main/output/instagram-editorial/philosophy/post-30-begin-anyway.png,life is not a problem to be solved but a reality to be experienced — søren kierkegaard,
"sometimes both things are true. you may have your own things to work on. and you were still being mistreated. one does not cancel the other. don't let your work on yourself become evidence in his case against you. ♡ - MK
📚 Every guide in one place — The Vault (complete library) at mkparrish.com/shelf
#bothcanbetrue #survivor #therewrite",01/08/2026,09:00,FALSE,FALSE,FALSE,FALSE,FALSE,TRUE,FALSE,FALSE,FALSE,FALSE,FALSE,https://raw.githubusercontent.com/empathicmk-svg/mkparrish-site/main/output/instagram-editorial/fifty/post-30-a-true-sentence.png,i was not crazy i was being mistreated both can be true,
"everything you're avoiding is pointing directly at what you need. the fear is not the stop sign. it is the compass. ♡ - MK
🎤 Build a brand voice nobody can copy — The Brand Voice Playbook at mkparrish.com/shelf
#josephcampbell #thecave #faceyourfears #innerwork #mkparrish",01/08/2026,13:00,FALSE,FALSE,FALSE,FALSE,FALSE,TRUE,FALSE,FALSE,FALSE,FALSE,FALSE,https://raw.githubusercontent.com/empathicmk-svg/mkparrish-site/main/output/instagram-editorial/bold/post-30-the-cave.png,the cave you fear to enter holds the treasure you seek — joseph campbell,
"everything you're avoiding is pointing directly at what you need. the fear is not the stop sign. it is the compass. ♡ - MK
📚 More where this came from → The Vault at mkparrish.com/shelf
#josephcampbell #thecave #faceyourfears #innerwork #mkparrish",01/08/2026,18:00,FALSE,FALSE,FALSE,FALSE,FALSE,FALSE,FALSE,TRUE,FALSE,FALSE,FALSE,https://raw.githubusercontent.com/empathicmk-svg/mkparrish-site/main/output/tiktok/post-30-editorial-the-cave.mp4,the cave you fear to enter holds the treasure you seek — joseph campbell,
"you cannot shrink yourself into being loved. you can only shrink yourself into being kept. there is a difference. one of them is a life. the other is a holding cell with good lighting. ♡ - MK
🤍 For the rebuild: The Reinvention Workbook — a guided companion for becoming new. mkparrish.com/shelf
#shrinkingyourself #narcissisticabuse #survivor #therewrite",02/08/2026,09:00,FALSE,FALSE,FALSE,FALSE,FALSE,TRUE,FALSE,FALSE,FALSE,FALSE,FALSE,https://raw.githubusercontent.com/empathicmk-svg/mkparrish-site/main/output/instagram-editorial/fifty/post-31-the-person-he-built.png,i spent ten years being the woman he could tolerate and she still wasn't enough,
"when you come back to your people, you don't have to explain everything. you can say i wasn't well and i missed you. most of them have been waiting. the ones who haven't, were never the village. ♡ - MK
📚 Every guide in one place — The Vault (complete library) at mkparrish.com/shelf
#rebuildingfriendships #aftertheabuse #survivor #therewrite",02/08/2026,13:00,FALSE,FALSE,FALSE,FALSE,FALSE,TRUE,FALSE,FALSE,FALSE,FALSE,FALSE,https://raw.githubusercontent.com/empathicmk-svg/mkparrish-site/main/output/instagram-editorial/fifty/post-32-the-apology-tour.png,start with one friend say one true sentence let her say the rest,
"not every therapist understands coercive control. some will couples-counsel you back into a cage. find one trained in trauma, narcissistic abuse, or DV. it is the difference between getting better and getting gaslit with credentials. ♡ - MK
🤍 For the rebuild: The Reinvention Workbook — a guided companion for becoming new. mkparrish.com/shelf
#findatherapist #traumatherapy #survivor #therewrite",02/08/2026,18:00,FALSE,FALSE,FALSE,FALSE,FALSE,TRUE,FALSE,FALSE,FALSE,FALSE,FALSE,https://raw.githubusercontent.com/empathicmk-svg/mkparrish-site/main/output/instagram-editorial/fifty/post-33-find-the-right-therapist.png,the wrong therapist will hand you back to him in better language,
"the bar is not the absence of cruelty. it's the presence of safety. raise it. ♡ - MK
📚 Every guide in one place — The Vault (complete library) at mkparrish.com/shelf
#raisethebar #healthyrelationships #survivor #therewrite",03/08/2026,09:00,FALSE,FALSE,FALSE,FALSE,FALSE,TRUE,FALSE,FALSE,FALSE,FALSE,FALSE,https://raw.githubusercontent.com/empathicmk-svg/mkparrish-site/main/output/instagram-editorial/fifty/post-34-the-standard.png,the bar is not does he hit me the bar is does he make me feel safe,
"you will not get the conversation. you will not get the apology. you will not get the version where he understands what he did. closure is not a door he walks through. it's one you close. you have the key. you've had it the whole time. ♡ - MK
🤍 For the rebuild: The Reinvention Workbook — a guided companion for becoming new. mkparrish.com/shelf
#closure #healing #survivor #therewrite",03/08/2026,13:00,FALSE,FALSE,FALSE,FALSE,FALSE,TRUE,FALSE,FALSE,FALSE,FALSE,FALSE,https://raw.githubusercontent.com/empathicmk-svg/mkparrish-site/main/output/instagram-editorial/fifty/post-35-closure-is-a-myth.png,closure is what you give yourself when the apology never comes,
"you cannot make him a better father. you can only model what a steady adult looks like. the rage, the explanation, the panic, those go to your therapist and your friends. they do not go in front of the kids. that's the rewrite. ♡ - MK
📚 Every guide in one place — The Vault (complete library) at mkparrish.com/shelf
#coparenting #aftertheabuse #survivor #therewrite",03/08/2026,18:00,FALSE,FALSE,FALSE,FALSE,FALSE,TRUE,FALSE,FALSE,FALSE,FALSE,FALSE,https://raw.githubusercontent.com/empathicmk-svg/mkparrish-site/main/output/instagram-editorial/fifty/post-36-if-you-have-kids-with-him.png,the kids are watching not the fights they are watching how you recover,
"you will miss him at 2am. you will miss the noise. you will miss the version of him that didn't exist. that's not a sign to go back. that's withdrawal. it ends. the quiet becomes peace. give it time. ♡ - MK
🤍 For the rebuild: The Reinvention Workbook — a guided companion for becoming new. mkparrish.com/shelf
#loneliness #aftertheabuse #survivor #therewrite",04/08/2026,09:00,FALSE,FALSE,FALSE,FALSE,FALSE,TRUE,FALSE,FALSE,FALSE,FALSE,FALSE,https://raw.githubusercontent.com/empathicmk-svg/mkparrish-site/main/output/instagram-editorial/fifty/post-37-the-loneliness-after.png,the loneliness after is louder than the relationship and it is still safer,
"your worth was never up for review. not in his court. not in your family's court. not in your own. ♡ - MK
📚 Every guide in one place — The Vault (complete library) at mkparrish.com/shelf
#youareworthy #survivor #therewrite",04/08/2026,13:00,FALSE,FALSE,FALSE,FALSE,FALSE,TRUE,FALSE,FALSE,FALSE,FALSE,FALSE,https://raw.githubusercontent.com/empathicmk-svg/mkparrish-site/main/output/instagram-editorial/fifty/post-38-worthy-in-the-wreckage.png,worthy in the wreckage worthy in the rebuild worthy on a tuesday with no makeup on,
"you don't have to win them back. their belief in his story is a confession of who they are. let them go. you are building a life. they are still in his audience. ♡ - MK
🤍 For the rebuild: The Reinvention Workbook — a guided companion for becoming new. mkparrish.com/shelf
#chosenfamily #aftertheabuse #survivor #therewrite",04/08/2026,18:00,FALSE,FALSE,FALSE,FALSE,FALSE,TRUE,FALSE,FALSE,FALSE,FALSE,FALSE,https://raw.githubusercontent.com/empathicmk-svg/mkparrish-site/main/output/instagram-editorial/fifty/post-39-the-people-who-believed-him.png,the people who believed him told you everything about themselves,
"abusers test. they apologize. they try again. they escalate. they apologize bigger. you start tracking weather instead of behavior. write it down. dates, words, the temperature in the room. patterns are evidence. memory alone won't hold. ♡ - MK
📚 Every guide in one place — The Vault (complete library) at mkparrish.com/shelf
#documenteverything #coercivecontrol #survivor #therewrite",05/08/2026,09:00,FALSE,FALSE,FALSE,FALSE,FALSE,TRUE,FALSE,FALSE,FALSE,FALSE,FALSE,https://raw.githubusercontent.com/empathicmk-svg/mkparrish-site/main/output/instagram-editorial/fifty/post-40-the-pattern.png,if it happened once it was an event if it happened three times it was a pattern,
"they wanted you small. joy is the loudest no you can give. eat the cake. dance in the kitchen. wear the dress. laugh too loud at brunch. that is the rewrite, in real time. ♡ - MK
🤍 For the rebuild: The Reinvention Workbook — a guided companion for becoming new. mkparrish.com/shelf
#joyisresistance #survivor #therewrite #rebrandyourlife",05/08/2026,13:00,FALSE,FALSE,FALSE,FALSE,FALSE,TRUE,FALSE,FALSE,FALSE,FALSE,FALSE,https://raw.githubusercontent.com/empathicmk-svg/mkparrish-site/main/output/instagram-editorial/fifty/post-41-the-return-of-joy.png,joy is the most rebellious thing a survivor can do,
"she's not perfect. she's not healed all the way. but she's here. she's funny again. she sleeps through the night. she dates a man who texts back. she is real. she is waiting. don't leave her behind. ♡ - MK
📚 Every guide in one place — The Vault (complete library) at mkparrish.com/shelf
#hopeforsurvivors #therewrite #stayalive",05/08/2026,18:00,FALSE,FALSE,FALSE,FALSE,FALSE,TRUE,FALSE,FALSE,FALSE,FALSE,FALSE,https://raw.githubusercontent.com/empathicmk-svg/mkparrish-site/main/output/instagram-editorial/fifty/post-42-the-light.png,there is a version of you on the other side of this and she is so glad you stayed,
"this is the work. this is the dispatch. this is what we do here. you take back the pen. you change the tone. you fire the people in your story who never deserved a speaking part. you rebrand. it is allowed. ♡ - MK
🤍 For the rebuild: The Reinvention Workbook — a guided companion for becoming new. mkparrish.com/shelf
#rebrandyourlife #therewrite #thedispatch #mkparrish",06/08/2026,09:00,FALSE,FALSE,FALSE,FALSE,FALSE,TRUE,FALSE,FALSE,FALSE,FALSE,FALSE,https://raw.githubusercontent.com/empathicmk-svg/mkparrish-site/main/output/instagram-editorial/fifty/post-43-rebrand-your-life.png,rebrand your life rewrite your story they don't get the next chapter,
"one. open a separate bank account. two. screenshot anything you might need. three. tell one safe person. four. eat a real meal. five. write one true sentence. that's a week. that's how it starts. ♡ - MK
📚 Every guide in one place — The Vault (complete library) at mkparrish.com/shelf
#smallmoves #safetyplan #survivor #therewrite",06/08/2026,13:00,FALSE,FALSE,FALSE,FALSE,FALSE,TRUE,FALSE,FALSE,FALSE,FALSE,FALSE,https://raw.githubusercontent.com/empathicmk-svg/mkparrish-site/main/output/instagram-editorial/fifty/post-44-five-things-to-do-this-week.png,small moves steady hands no drama,
"your voice was always the threat. that's why he worked so hard to make you doubt it. use it now. quietly. on the page. in a journal. in a text to a friend. on a stage. the volume doesn't matter. the using does. ♡ - MK
🤍 For the rebuild: The Reinvention Workbook — a guided companion for becoming new. mkparrish.com/shelf
#useyourvoice #survivor #therewrite #thedispatch",06/08/2026,18:00,FALSE,FALSE,FALSE,FALSE,FALSE,TRUE,FALSE,FALSE,FALSE,FALSE,FALSE,https://raw.githubusercontent.com/empathicmk-svg/mkparrish-site/main/output/instagram-editorial/fifty/post-45-your-voice-was-the-threat.png,he wasn't afraid of your tears he was afraid of your voice,
"you are tired. you are scared. you are still here. that is not nothing. that is the whole thing. the hotline is 1-800-799-7233. text START to 88788. there are people whose only job is to help. let one of them. ♡ - MK
📚 Every guide in one place — The Vault (complete library) at mkparrish.com/shelf
#dvhotline #youarenotalone #survivor #therewrite",07/08/2026,09:00,FALSE,FALSE,FALSE,FALSE,FALSE,TRUE,FALSE,FALSE,FALSE,FALSE,FALSE,https://raw.githubusercontent.com/empathicmk-svg/mkparrish-site/main/output/instagram-editorial/fifty/post-46-a-note-for-the-sister-reading-this.png,if you're reading this in a parking lot hiding from the man inside the house you are not alone and you are not crazy,
"he kept you out of your own house for years. the door is unlocked. she left a light on. go in. ♡ - MK
🤍 For the rebuild: The Reinvention Workbook — a guided companion for becoming new. mkparrish.com/shelf
#cominghometoyourself #survivor #therewrite #healing",07/08/2026,13:00,FALSE,FALSE,FALSE,FALSE,FALSE,TRUE,FALSE,FALSE,FALSE,FALSE,FALSE,https://raw.githubusercontent.com/empathicmk-svg/mkparrish-site/main/output/instagram-editorial/fifty/post-47-the-woman-in-the-mirror.png,the woman in the mirror has been waiting for you to come home to her,
"the dispatch is where i write the long version. raw and poetic. no algorithm. no performance. just sentences for the women rewriting their lives in real time. link in bio. ♡ - MK
📚 Every guide in one place — The Vault (complete library) at mkparrish.com/shelf
#thedispatch #newsletter #therewrite #mkparrish",07/08/2026,18:00,FALSE,FALSE,FALSE,FALSE,FALSE,TRUE,FALSE,FALSE,FALSE,FALSE,FALSE,https://raw.githubusercontent.com/empathicmk-svg/mkparrish-site/main/output/instagram-editorial/fifty/post-48-subscribe.png,if this hit there is more quietly weekly signed M.K.,
"ten chapters. ten poems. ten rewrites. the book i wish someone had handed me at 2am in the kitchen. it's not pretty. it's honest. it's yours if you want it. link in bio. ♡ - MK
🤍 For the rebuild: The Reinvention Workbook — a guided companion for becoming new. mkparrish.com/shelf
#thequietones #ebook #survivor #therewrite #mkparrish",08/08/2026,09:00,FALSE,FALSE,FALSE,FALSE,FALSE,TRUE,FALSE,FALSE,FALSE,FALSE,FALSE,https://raw.githubusercontent.com/empathicmk-svg/mkparrish-site/main/output/instagram-editorial/fifty/post-49-the-quiet-ones-ebook.png,the quiet ones a rewrite for women who survived what no one saw out now,
"♡ - MK
📚 Every guide in one place — The Vault (complete library) at mkparrish.com/shelf
#therewrite #rebrandyourlife #mkparrish #thedispatch #survivor",08/08/2026,13:00,FALSE,FALSE,FALSE,FALSE,FALSE,TRUE,FALSE,FALSE,FALSE,FALSE,FALSE,https://raw.githubusercontent.com/empathicmk-svg/mkparrish-site/main/output/instagram-editorial/fifty/post-50-the-last-line.png,they wrote me as the villain so i picked up the pen and the rest of this story is mine,
